method,avg_effective_n,avg_hhi
sample,4.676687540495163,0.21591657721739865
ledoit_wolf,5.444892094231678,0.18585644328038398
